{"cameraMode":{"drawMode":0,"name":"Shaded","section":"Shading Mode"},"sceneLighting":true,"audioPlay":false,"sceneViewState":{"showFog":true,"showMaterialUpdate":false,"showSkybox":true,"showFlares":true,"showImageEffects":true,"showParticleSystems":true},"in2DMode":false,"pivot":{"x":-2.971195936203003,"y":1.5605883598327637,"z":-0.9912619590759277},"rotation":{"x":0.2626835107803345,"y":-0.0072409785352647308,"z":0.001971463905647397,"w":0.9648535251617432},"size":2.796917200088501,"orthographic":false}